<?xml version="1.0" encoding="iso-8859-1"?>
<?xml-stylesheet href="child.css" type="text/css"?>
<!-- compliance patch for microsoft browsers -->
<!--[if lt IE 7]><html:script src="../ie7-standard.js" type="text/javascript"></html:script><![endif]-->
<!-- dean.edwards/2004 -->
<!-- keeping code tidy! -->
<my:root xmlns:my="http://dean.edwards.name/space">
	<my:h1>IE7</my:h1>
	<my:h2>parent > child</my:h2>
	<my:parent>Parent
		<my:child>Child</my:child>
	</my:parent>
	<my:parent>Parent
		<my:baby-sitter>Baby-sitter
			<my:child>Child</my:child>
		</my:baby-sitter>
	</my:parent>
</my:root>
